filename,class,product_name,color
3168.jpg,1,Nike Men's Incinerate MSL White Blue Shoe,White
6628.jpg,1,ADIDAS Men's Lowell White Silver Shoe,White
33822.jpg,1,Puma Men Axis White & Grey Sports Shoes,White
42089.jpg,1,ADIDAS Men White Corona Sports Shoes,White
23882.jpg,1,Fila Men Destiny Grey Sports Shoes,Grey
34835.jpg,1,ADIDAS Men Blue Chill Sports Shoes,Blue
12993.jpg,1,ADIDAS Kids Adispeed Black Sports Shoes,Black
42042.jpg,1,Nike Men Air Relentless 2 MSL White Sports Shoes,White
17416.jpg,1,Lotto Men Atlantica Black Sports Shoe,Black
12958.jpg,1,ADIDAS Men Sports Black Sports Shoes,Black
46086.jpg,1,ADIDAS Women Lavender Hagkok Sports Shoes,Lavender
54543.jpg,1,F Sports Men White Outlander Sports Shoes,White
4524.jpg,1,Puma Men's YugoRun Black White Shoe,Black
36137.jpg,1,Nike Women Free Run Pink Sports Shoes,Pink
8913.jpg,1,Puma Men Cabana Racer Sketch White Sports Shoes,White
5402.jpg,1,Kalenji Ekiden 200 Wn Purple 2011,Purple
43356.jpg,1,Reebok Women Charcoal Grey Fuel Techno Sports Shoes,Charcoal
12994.jpg,1,ADIDAS Kids Boys Duramo Synthetic Black Sports Shoes,Black
34832.jpg,1,ADIDAS Men Sukoi White Sports Shoes,White
23885.jpg,1,Fila Men Grey Hex Sports Shoes,Grey
41439.jpg,1,Lee Cooper Men Black Sports Shoes,Black
33825.jpg,1,Puma Women Kuris Silver & Grey Sports Shoes,Silver
12960.jpg,1,ADIDAS Men Sports White Sports Shoes,White
9203.jpg,1,Puma Men Axis XT Black Shoes,Black
44948.jpg,1,Puma Men Black Aquil II Sports Shoes,Black
10096.jpg,1,Reebok Women Reeflex Run Blue Sports Shoes,Blue
5405.jpg,1,Kalenji Ekiden Comfort Prime 2011,White
8914.jpg,1,Puma Men Future Cat Remix SF White Sports Shoes,White
54544.jpg,1,F Sports Men Black Pace Sports Shoes,Black
4523.jpg,1,Puma Men's Faas Blue White Silver Red Shoe,Blue
17411.jpg,1,Lotto Men Basketball Mid White Sports Shoe,White
15722.jpg,1,Nike Men Lunarswift+ 3 Shield Grey Sports Shoes,Grey
3150.jpg,1,Nike Men's Lunarswift Black Shoe,Black
4147.jpg,1,Nike Women Glide White Grey Shoe,White
11971.jpg,1,Fila Men Glow White Sports Shoes,White
28655.jpg,1,Nike Men Zoom Structure White Sports Shoes,White
16966.jpg,1,Reebok Men Sprintfit Lite Black Sports Shoe,Black
36139.jpg,1,Nike Men The Overplay VII Black Sports Shoes,Black
24408.jpg,1,ADIDAS Men Black Vanquish Sports Shoes,Black
12956.jpg,1,ADIDAS Men Sports Blue Sports Shoes,Blue
6619.jpg,1,ADIDAS Men's Boris White Shoe,White
23847.jpg,1,ADIDAS Men White Duramo 3 Sports Shoes,White
11985.jpg,1,Fila Men Glow Black Sports Shoes,Black
17840.jpg,1,Nike Men Air Quick Handle Red Sports Shoe,Red
3159.jpg,1,Nike Men's Air Max Moto White Blue Shoe,White
22734.jpg,1,Nike Women Grey Lunarglide +3 Sports Shoes,Grey
34651.jpg,1,Fila Women Top Fuel Black Sports Shoes,Black
42087.jpg,1,ADIDAS Men White Aztek Shoes,White
26704.jpg,1,Nike Men White T-Lite 9 SL Shoes,White
15714.jpg,1,Nike Men Free Run+ 2 Black Sports Shoes,Black
4171.jpg,1,Reebok Men's Easytone Inspire White Shoe,White
6626.jpg,1,ADIDAS Men's Canon Dialect Blue Yellow Shoe,Blue
12703.jpg,1,Nike Women Downshifter White Sports Shoes,White
53757.jpg,1,Puma Women Speeder Wns Ind White Sports Shoes,White
4515.jpg,1,Puma Men's Tarun White Silver Red Shoe,White
12969.jpg,1,ADIDAS Men Snova Glide Blue Sports Shoes,Blue
35777.jpg,1,Force 10 Men Black & Green Sports Shoes,Black
17847.jpg,1,Nike Men Air Impetus II White Sports Shoe,White
4149.jpg,1,Nike Women Free White Pink Shoe,White
28652.jpg,1,Nike Men Tiempo Natural IV Black Sports Shoes,Black
4512.jpg,1,Lotto Women Osaka Grey Violet Shoe,Grey
6621.jpg,1,ADIDAS Men's Boris Black Shoe,Black
12704.jpg,1,Nike Men Air Relentness Grey Sports Shoes,Grey
3161.jpg,1,Nike Men's Air Citius MSL White Grey Shoe,White
26703.jpg,1,Nike Men White Court Shuttle Shoes,White
1636.jpg,1,Nike Men Air Zoom Century Shoes,White
4344.jpg,1,Fila Men's Abascuss White Blue Shoe,White
15713.jpg,1,Nike Men Air Relentless Black Sports Shoes,Black
22959.jpg,1,Reebok Men White Fusion Sports Shoes,White
43360.jpg,1,Reebok Men White Ultimate Vibe Sports Shoes,White
41437.jpg,1,Lee Cooper Men White Sports Shoes,White
54521.jpg,1,F Sports Men White Voyager Sports Shoes,White
4546.jpg,1,Nike Men's Air Max Black Shoe,Black
15747.jpg,1,Nike Men Ballista SL White Sports Shoes,White
7595.jpg,1,Nike Women Ten Blue White Shoe,Blue
13682.jpg,1,ADIDAS Women Duramo 3 Sports Shoes,Silver
3307.jpg,1,Asics Men's Gel Phoenix 3 Black Silver Shoe,Black
6675.jpg,1,Nike Men's Free White Grey Shoe,White
32191.jpg,1,ADIDAS Men Phantom Blue Sports Shoes,Blue
8529.jpg,1,Nike Men Nike Lunarfly+  2 Navy Blue Sports Shoes,Navy Blue
13676.jpg,1,ADIDAS Men Titan Sports Shoes,Silver
6681.jpg,1,Nike Women's Izanami White Blue Shoe,White
7753.jpg,1,Fila Men's Victory Black Shoe,Black
13212.jpg,1,ASICS Women Gel Spree Running Grey Sports Shoes,Grey
5460.jpg,1,Nike Women's Double Team Lite Black Shoe,Black
2477.jpg,1,Nike Men's LunarFly Blue Shoe,Blue
8971.jpg,1,Puma Men Drift Cat III CF Black Sports Shoes,Black
19387.jpg,1,ADIDAS Men Dumont Beige Sports Shoes,Beige
9054.jpg,1,ADIDAS Women Duramo 3 White Sports Shoes,White
4579.jpg,1,Nike Women Zoo Blue Shoe,Blue
28606.jpg,1,Nike Men Air Twilight Black Shoes,Black
8976.jpg,1,Puma Men SL Tech Lo SF White Sports Shoes,White
13215.jpg,1,ASICS Men Gel Enduro 7 Running Silver Sports Shoes,Grey
31979.jpg,1,Nike Men Lunarswift +3 Grey Sports Shoes,Grey
5467.jpg,1,Nike Men's Elite Black Shoe,Black
41232.jpg,1,Puma Men White Aquil Sports Shoes,White
26596.jpg,1,Puma Men Jago Ripstop Black Sports Shoes,Black
42027.jpg,1,ADIDAS Women Sukoi Black Sports Shoes,Black
3300.jpg,1,Asics Men's Gel Cushioning Black Yellow Shoe,Black
15740.jpg,1,Nike Women Air Relentless Grey Sports Shoes,Grey
7592.jpg,1,Nike Men's Dunk Low Blue Shoe,Blue
54526.jpg,1,F Sports Men White Zero Gravity Sports Shoes,White
34850.jpg,1,ADIDAS Men Falcon Elite White Sports Shoes,White
22109.jpg,1,Reebok Men White Acciomax II Sports Shoes,White
9053.jpg,1,ADIDAS Men Duramo 3 M Grey Sports Shoes,Grey
38655.jpg,1,Nike Men Air Impetus II White Sports Shoes,White
27640.jpg,1,Reebok Men Grey Premier Trinity Sports Shoes,Grey
28608.jpg,1,Nike Men Dart VII Leather White Sports Shoes,White
34633.jpg,1,Lotto Men Dolce Vita II Black Sports Shoes,Black
39910.jpg,1,ADIDAS Men Blue & Red F10 Sports Shoes,Blue
25573.jpg,1,FILA Men Trempet White Sports Shoes,White
24455.jpg,1,Nike Women Court Majestic White Shoes,White
4577.jpg,1,Nike Men's Mercurial Vic Pink Shoe,Red
44782.jpg,1,Lotto Men White Los Angeles II Sports Shoes,White
40322.jpg,1,ADIDAS Men White Sparta Sports Shoes,White
6644.jpg,1,Nike Women Transform III IN White Shoe,White
1653.jpg,1,Reebok Men's Ventilator Ubiq Shoe,Brown
23489.jpg,1,FILA Men Forza 11 Black Sports Shoes,Black
31970.jpg,1,Nike Men Lengo Black Sports Shoes,Black
20802.jpg,1,Fila Men Racer White Sports Shoes,White
28637.jpg,1,Nike Men Air Relentless Black Sports Shoes,Black
13678.jpg,1,ADIDAS Women Blazer Sports Shoes,Silver
9401.jpg,1,Nike Men Lunarswi + 2 Blue Sports Shoes,Blue
3309.jpg,1,Asics Men's Gel Challenger 8 Tennis White Blue Shoe,White
38663.jpg,1,Nike Men Downshifter Black Sports Shoes,Black
4548.jpg,1,Nike Women Sweet AC Black Shoe,Black
1654.jpg,1,Reebok Men's Frisker LP Shoe,White
42016.jpg,1,ADIDAS Men Silver Phaedra Shoes,Silver
6643.jpg,1,Nike Women's Transform III IN Black Pink Shoe,Pink
4570.jpg,1,Nike Women Iza Black Shoe,Black
44785.jpg,1,Lotto Men L500 FG White Sports Shoes,White
40325.jpg,1,ADIDAS Men White Sport Shoes,White
54517.jpg,1,F Sports Men White Bratt Sports Shoes,White
6829.jpg,1,Nike Women's Lunar Swift White Blue Shoe,White
3567.jpg,1,ADIDAS Men's Silver White Running Shoe,Silver
35712.jpg,1,Nike Men Dual Fusion TR III Grey Sports Shoes,Grey
15315.jpg,1,ADIDAS Men Eqt Nitro Fashion Black Sports Shoes,Black
24452.jpg,1,Nike Men White Court Shuttle IV Sports Shoes,White
31948.jpg,1,Nike Men Air Pegasus Blue Sports Shoes,Blue
25574.jpg,1,FILA Men Trempet Black & White Sports Shoes,Black
42029.jpg,1,ADIDAS Women Purple Chill Sports Shoes,Purple
26598.jpg,1,Puma Men Faas 300 White Sports Shoes,White
31977.jpg,1,Nike Women Lunarswift +3 Olive Sports Shoes,Olive
5469.jpg,1,Nike Men's Nike Streetgato Black Shoe,Black
44947.jpg,1,Puma Men Mid Biz Ind White Shoes,White
28653.jpg,1,Nike Men Air Max Quarter Black Sports Shoes,Black
11983.jpg,1,FILA Men Dls Circuit 2 Black Sports Shoes,Black
4148.jpg,1,Nike Women Glide White Pink Shoe,White
17846.jpg,1,Nike Men Supergame Black Sports Shoe,Black
29123.jpg,1,Puma Men Aquil White Sports Shoes,White
41436.jpg,1,Lee Cooper Men Black & White Sports Shoes,White
22958.jpg,1,Reebok Men White Acciomax Sports Shoes,White
22732.jpg,1,Nike Men Air Max Conquer ACG Olive Sports Boot,Olive
4513.jpg,1,Lotto Unisex Brooklyn Black Shoe,Black
15376.jpg,1,FILA Men Fila Boston White Sports Shoes,White
26702.jpg,1,Nike Women White Court Shuttle Shoes,White
3160.jpg,1,Nike Men's Dual Fusion White Shoe,White
4345.jpg,1,Fila Men's Mythos White Navy Shoe,White
1637.jpg,1,Nike Men White Cricket Shoes,White
12705.jpg,1,Nike Men Air Courtballistic White Sports Shoes,White
6620.jpg,1,ADIDAS Men's Ridley White Silver Shoe,White
46089.jpg,1,ADIDAS Women White Galaxy Arriba Sports Shoes,White
29124.jpg,1,Puma Men Aquil Black Sports Shoes,Black
24409.jpg,1,ADIDAS Women White & Grey Vanquish Sports Shoes,White
12957.jpg,1,ADIDAS Men Grey Sports Shoes,Grey
17841.jpg,1,Nike Women City Court White Sports Shoe,White
23846.jpg,1,ADIDAS Men White Galaxy Elite Sports Shoes,White
43359.jpg,1,Reebok Men Grey Ultimate Vibe Sports Shoes,Grey
36138.jpg,1,Nike Men Zoom Hyperenforcer White Sports Shoes,White
4170.jpg,1,Reebok Women Zig Sonic Yellow and Grey Sports Shoes,Yellow
6627.jpg,1,ADIDAS Men's Morin Black Shoe,Black
3167.jpg,1,Nike Women Main Draw White Blue Shoe,White
17042.jpg,1,GAS Men Grey Skate 002 Shoes,Grey
4342.jpg,1,Fila Men's Phoenix Black White Shoe,Black
12968.jpg,1,ADIDAS Men Allegra White Sports Shoes,White
4514.jpg,1,Puma Men's Tarun White Navy Silver Red Shoe,White
22735.jpg,1,Nike Women Grey Lunarswift +3 Sports Shoes,Grey
34650.jpg,1,Fila Women Top Fuel Black Sports Shoes,Black
5600.jpg,1,Reebok Men's Trail Mud Slinger Black Blue Shoe,Blue
42086.jpg,1,ADIDAS Men Mars White Sports Shoes,White
15378.jpg,1,Fila Men Coloda Grey Sports Shoes,Grey
33824.jpg,1,Puma Women Grey Axis Sports Shoes,Grey
41438.jpg,1,Lee Cooper Men White Sports Shoes,White
23884.jpg,1,Fila Men Hitech White Sports Shoes,White
17410.jpg,1,Lotto Men Atlantica White Sports Shoe,White
46080.jpg,1,ADIDAS Men Blue Sports Shoes,Blue
4522.jpg,1,Puma Men's Faas Grey Shoes,Grey
4146.jpg,1,Nike Women Trainer White Purple Shoe,White
15723.jpg,1,Nike Women Ballista II White Sports Shoes,White
3151.jpg,1,Nike Men's Lunarswift Blue Shoe,Blue
10097.jpg,1,Reebok Men Reeflex Run White Sports Shoes,White
43350.jpg,1,Reebok Men Black Fuel Extreme Sports Shoes,Black
5404.jpg,1,Kalenji Kiprun 1000 Whi/ Blue 2011,White
42088.jpg,1,ADIDAS Men Brown Zapotec Shoes,Brown
19310.jpg,1,Nike Men Lunarglide+ 3 White Sports Shoe,White
34834.jpg,1,ADIDAS Women Ranger Navy Blue Sports Shoes,Navy Blue
33823.jpg,1,Puma Women Axis Grey Sports Shoes,Grey
18494.jpg,1,Puma Men Daemon White Sports Shoes,White
12992.jpg,1,ADIDAS Kids Unisex HyperRun Silver Sports Shoes,Silver
12966.jpg,1,ADIDAS Men Snova Glide Grey Sports Shoes,Grey
23877.jpg,1,Fila Men Cavier White Sports Shoes,White
6629.jpg,1,ADIDAS Men's Galvin White Silver Black Shoe,White
5403.jpg,1,Kalenji Kiprun 2000l Wht/purple,White
36136.jpg,1,Nike Women Free Run+ 3 Green Sports Shoes,Green
8912.jpg,1,Puma Men Cabana Racer Sketch White Sports Shoes,White
43357.jpg,1,Reebok Men Black Ultimate Vibe Sports Shoes,Black
15724.jpg,1,Nike Men Free Run+ 2 Shield Grey Sports Shoes,Grey
23848.jpg,1,ADIDAS Men White Razor Sports Shoes,White
54542.jpg,1,F Sports Men White Hurricane Sports Shoes,White
4525.jpg,1,Puma Men's YugoRun White Red Shoe,White
21175.jpg,1,ADIDAS Men Lowell White Sports Shoe,White
12959.jpg,1,ADIDAS Men Sports Black Sports Shoes,Black
46215.jpg,1,ADIDAS Men Orange Sports Shoes,Orange
25575.jpg,1,Fila Men Surveillance White Shoes,White
31949.jpg,1,Nike Men Zoom Vomero White Sports Shoes,White
6642.jpg,1,Nike Men's Air Max Lte White Blue Shoe,White
42017.jpg,1,ADIDAS Men White Phaedra Sports Shoes,White
35713.jpg,1,Nike Men Jordan Fly Wade Red Sports Shoes,Red
3566.jpg,1,ADIDAS Men's White Silver Running Shoe,White
24453.jpg,1,Nike Men Free Run Blue Sports Shoes,Blue
15314.jpg,1,ADIDAS Men Ranger White Sports Shoes,White
4571.jpg,1,Nike Women Air Max Trainer Excel Purple Sports Shoes,Purple
44784.jpg,1,Lotto Men White Torcida Shoes,White
54516.jpg,1,F Sports Men White Velocity Sports Shoes,White
26599.jpg,1,Puma Men Faas 300 Blue Sports Shoes,Blue
31976.jpg,1,Nike Women Lunarswift +3 Grey Sports Shoes,Grey
5468.jpg,1,Nike Men's Lunareclipse White Shoe,White
20804.jpg,1,Fila Men Streak White Sports Shoes,White
8979.jpg,1,Puma Men Driving Power Lo SF Black Sports Shoes,Black
9407.jpg,1,Nike Men Court White Shoe,White
42028.jpg,1,ADIDAS Women White Sukoi Sports Shoes,White
38665.jpg,1,Nike Men Lunarfly Black Sports Shoes,Black
40323.jpg,1,ADIDAS Men Black Twenty2yds Sports Shoes,White
4576.jpg,1,Nike Men's Incinera Grey Shoe,Grey
44783.jpg,1,Lotto Men White & Silver Sports Shoes,White
35714.jpg,1,Force 10 Women Grey Sports Shoes,Grey
15313.jpg,1,ADIDAS Men Aerostar White Sports Shoes,White
10037.jpg,1,Reebok Men Premier ultra 8 U-form Silver Sports Shoes,Silver
6645.jpg,1,Nike Women's Serenity Grey Shoe,Grey
34632.jpg,1,Lotto Men Dolce Vita II Grey Sports Shoes,Grey
25572.jpg,1,Fila Men Superior Silver Sports Shoes,Silver
3308.jpg,1,Asics Men's Gel Cushioning Running White Black Yellow Shoe,White
38662.jpg,1,Nike Men T90 Shoot IV Hg-B Blue Sports Shoes,Blue
9400.jpg,1,Nike Men Dual Fusion Black TR II Sports Shoes,Black
4549.jpg,1,Nike Men's Air Dictate White Shoe,White
31971.jpg,1,Nike Men Dual Fusion TR II Navy Blue Sports Shoes,Navy Blue
13679.jpg,1,ADIDAS Men Court Switch Sports Shoes,White
5239.jpg,1,Reebok Men's Zigfuel White Shoe,White
28636.jpg,1,Nike Men The Overplay VI Black Shoes,Black
8526.jpg,1,Nike Women Nike Womens Downshifter 3 MSL Black Sports Shoes,Black
15741.jpg,1,Nike Men Lunarglide + Shield Grey Sports Shoes,Grey
7593.jpg,1,Nike Men Zoom Vapor 8 White Red Shoe,White
6673.jpg,1,Nike Men's Air Pegasus 27 White Grey Shoe,White
42026.jpg,1,ADIDAS Women White Bolt Sports Shoes,White
3301.jpg,1,Asics Women Gel Cushioning White Pink Shoe,White
40315.jpg,1,ADIDAS Unisex White Shoes,White
31978.jpg,1,Nike Men Lunarswift +3 Grey Sports Shoes,Grey
13214.jpg,1,ASICS Men Gel 1160 Running White Sports Shoes,White
41233.jpg,1,Puma Men White Aquil Sports Shoes,White
5466.jpg,1,Nike Unisex Elite White Shoe,White
5654.jpg,1,Reebok Men's Winning Stride White Shoe,White
26597.jpg,1,Puma Men Faas 300 Black Sports Shoes,Black
9052.jpg,1,ADIDAS Men Duramo 3 M White Sports Shoes,White
1831.jpg,1,Nike Men's Air Impetus Shoe,Black
54518.jpg,1,F Sports Men White Velocity Sports Shoes,White
38654.jpg,1,Nike Men Ballista White Sports Shoes,White
24805.jpg,1,Decathlon Men Black F300 Sports Shoes,Black
28600.jpg,1,Fila Men Torando Black Sports Shoes,Black
5459.jpg,1,Nike Men's Dual Fusion Grey Shoe,Grey
31947.jpg,1,Nike Men Air Pegasus Grey Sports Shoes,Grey
8346.jpg,1,ADIDAS Men Slimsoll White Sports Shoes,White
6680.jpg,1,Nike Men's Zoom Vomero 5 Grey Blue Shoe,Grey
13677.jpg,1,ADIDAS Men Running White Sports Shoes,White
32190.jpg,1,ADIDAS Women Duramo Pink Sports Shoes,Pink
28638.jpg,1,Nike Men Dart 9 Leather White Sports Shoes,White
43335.jpg,1,Reebok Men Navy Blue Turbo DMX Shear Sports Shoes,Navy Blue
8528.jpg,1,Nike Men Nike air max limitless Black Sports Shoes,Black
8970.jpg,1,Puma Men 65cc Ducati Red Sports Shoes,Red
13213.jpg,1,ASICS Women Gel Cumulus Running White Sports Shoes,White
5461.jpg,1,Nike Men's Downshifter Lea Black Shoe,Black
35725.jpg,1,Force 10 Men Beige Sports Shoes,Beige
4547.jpg,1,Nike Men's Egoli White Black Shoe,White
6674.jpg,1,Nike Women Lunar Swift Black Shoe,Black
13683.jpg,1,ADIDAS Men Adi Quest Blue Sports Shoes,Blue
3306.jpg,1,Asics Men's Gel Phoenix 3 Running White Black Shoe,White
15746.jpg,1,Nike Men Ballista II White Sports Shoes,White
7594.jpg,1,Nike Women's Air Max Peach Cream Shoe,Cream
36957.jpg,1,Force 10 Men White Sports Shoes,White
28607.jpg,1,Nike Men Dart VII White Sports Shoes,White
13648.jpg,1,ADIDAS Silver Astar ride 3M Sports Shoe,Silver
9431.jpg,1,Decathlon Men Quechua Grey Sports Shoes,Grey
10039.jpg,1,Reebok Men Raceon White Sports Shoes,White
1836.jpg,1,Nike Air Visi Sleek Shoes,Silver
4578.jpg,1,Nike Men's Mercurial Gli Red Pink Shoe,Red
12904.jpg,1,Puma Men Future Cat M1 Engine Red Sports Shoes,Red
9055.jpg,1,ADIDAS Men Adi Fiero M White Sports Shoes,White
9127.jpg,1,Puma Women Cell Varex SL White Sports Shoes,White
13198.jpg,1,ASICS Men Gel DS Sky Speed 2 Running Blue Sports Shoes,Blue
4638.jpg,1,ADIDAS Women Phantom Low Pink Grey White Shoe,White
2963.jpg,1,Puma Men's Basket Biz White & Blue Shoe,White
15970.jpg,0,Turtle Check Men Navy Blue Shirt,Navy Blue
39386.jpg,0,Peter England Men Party Blue Jeans,Blue
59263.jpg,0,Titan Women Silver Watch,Silver
21379.jpg,0,Manchester United Men Solid Black Track Pants,Black
53759.jpg,0,Puma Men Grey T-shirt,Grey
1855.jpg,0,Inkfruit Mens Chain Reaction T-shirt,Grey
30805.jpg,0,Fabindia Men Striped Green Shirt,Green
26960.jpg,0,Jealous 21 Women Purple Shirt,Purple
29114.jpg,0,Puma Men Pack of 3 Socks,Navy Blue
30039.jpg,0,Skagen Men Black Watch,Black
9204.jpg,0,Puma Men Future Cat Remix SF Black Casual Shoes,Black
48123.jpg,0,Fossil Women Black Huarache Weave Belt,Black
18653.jpg,0,Fila Men Cush Flex Black Slippers,Black
47957.jpg,0,Murcia Women Blue Handbag,Blue
46885.jpg,0,Ben 10 Boys Navy Blue Slippers,Navy Blue
12369.jpg,0,Reid & Taylor Men Check Purple Shirts,Purple
29928.jpg,0,Police Men Black Dial Watch PL12889JVSB,Black
42419.jpg,0,Gini and Jony Girls Knit White Top,White
51832.jpg,0,Bwitch Beige Full-Coverage Bra BW335,Beige
47359.jpg,0,Baggit Women Brown Handbag,Brown
17429.jpg,0,CASIO G-Shock Men Black Digital Watch G-7710-1DR G223,Black
12967.jpg,0,ADIDAS Men Spry M Black Sandals,Black
6842.jpg,0,Timberland Unisex Rubber Sole Brush Shoe Accessories,Black
13089.jpg,0,ADIDAS Men Lfc Auth Hood Grey Sweatshirts,Grey
18461.jpg,0,David Beckham Signature Men Deos,White
9036.jpg,0,Buckaroo Men Flores Black Formal Shoes,Black
48311.jpg,0,Pitaraa Women Bronze Beaded Bracelet,Bronze
7990.jpg,0,Fila Men's Round Neck Navy Blue T-shirt,Navy Blue
56019.jpg,0,Colorbar Soft Touch Show Stopper Copper Lipstick 037,Brown
21977.jpg,0,Murcia Women Casual Brown Handbag,Brown
37812.jpg,0,John Players Men Navy Blue Shirt,Navy Blue
4729.jpg,0,Disney Kids Boy's Crew Sea Life Sialing Green Teen Kidswear,Green
56825.jpg,0,John Players Men Brown Shirt,Brown
39988.jpg,0,Gas Men Europa White Shoes,White
59051.jpg,0,Carlton London Women Black & Gold Toned Flats,Black
20099.jpg,0,Diva Women Embroided Green Kurta,Green
58183.jpg,0,Rocky S Women White Handbag,White
29742.jpg,0,Kiara Women Teal Handbag,Teal
51658.jpg,0,Fossil Women Copper Chronograph Watch CH2589,Copper
3954.jpg,0,Jealous 21 Women's Pink T-shirt,Pink
18839.jpg,0,Peter England Men Formal Black Belt,Black
2886.jpg,0,Catwalk Women Leather Brown Flats,Brown
23278.jpg,0,Maxima Ssteele Men Off White Watch,Off White
28690.jpg,0,W Women Printed Beige Kurta,Beige
8580.jpg,0,Scullers Men  Grey Waistcoat,Grey
18005.jpg,0,Puma Men Long Logo Black Bermuda,Black
17871.jpg,0,Levis Men Boxer Maroon Brief,Maroon
9452.jpg,0,John Miller Men Stripes White Red Shirts,Red
38402.jpg,0,Baggit Women Hood Dabang Black Belt,Black
44984.jpg,0,Maxima Women White Dial Watch,White
10268.jpg,0,Clarks Men Hang Work Leather Black Formal Shoes,Black
45856.jpg,0,Vishudh Women Brown Kurta,Brown
32138.jpg,0,Playboy Men Blue Titanium Briefs,Blue
59435.jpg,0,Arrow Men Black Formal Shoes,Black
5891.jpg,0,Puma Men's Stripe Polo Black T-shirt,Black
38630.jpg,0,Nike Women Purple Polo T-shirt,Purple
4943.jpg,0,Gini and Jony Boy's Kaleb White Brown Kidswear,White
11188.jpg,0,Carrera Men Dial steel finish strap Silver Watches,Silver
10866.jpg,0,Wrangler Men Motor Rider Red T-Shirts,Red
59607.jpg,0,FNF Pink & Grey Wedding Collection Sari,Grey
15528.jpg,0,Puma Men Scribble Black Tshirts,Black
45258.jpg,0,CASIO EDIFICE Men Black Dial Chronograph Watch ED60,Black
42841.jpg,0,French Connection Women Beige Handbag,Beige
22198.jpg,0,Timberland Men Black Casual Shoes,Black
29570.jpg,0,Vans Men Classic Slip-On Purple & Black Shoes,Purple
43993.jpg,0,Police Women Passion Perfume,Pink
54924.jpg,0,Do U Speak Green Men Blue Shorts,Blue
26538.jpg,0,ID Men Red Shoes,Red
35913.jpg,0,Peperone Women Black & White Handbag,Black
49495.jpg,0,Vans Men Khaki Shoes,Khaki
9660.jpg,0,Indigo Nation Men Reversible Bling Pink Shirts,Pink
2288.jpg,0,Nike Women Black T-shirt,Black
23876.jpg,0,ADIDAS Men Blue Sweatshirt,Blue
18237.jpg,0,Manchester United Men Solid Red Tshirt,Red
54118.jpg,0,Rocia Women Black Flats,Black
2872.jpg,0,Catwalk Women Leather Flats,Brown
49653.jpg,0,Mineral Women Green Top,Green
8574.jpg,0,Crocs Dora Boots Pink Sandals,Pink
16957.jpg,0,Image Men Sunglasses,Black
19123.jpg,0,Lotto Men XL Water Man Silver Slippers,Silver
13419.jpg,0,United Colors of Benetton Men Solid Pink Polo T-shirts,Pink
17885.jpg,0,Levis Men Comfort Style Grey Innerwear Vest,Grey
43369.jpg,0,Reebok Men Black Possession Flip Flops,Black
48781.jpg,0,Lucera Women Silver Pendant,Silver
44970.jpg,0,Maxima Men White Dial Analog Chronograph Watch,White
56489.jpg,0,Streetwear Ash Nail Polish # 31,Bronze
39524.jpg,0,Peter England Unisex Orange Sleeve Bag,Orange
58513.jpg,0,Tonga Women Maroon Top,Off White
25947.jpg,0,Femella Women Brown Scarf,Brown
52029.jpg,0,Just Natural Unisex Charcoal Rain Jacket,Coffee Brown
5865.jpg,0,ADIDAS Men's Twelve Faster T-shirt,Black
39716.jpg,0,Arrow Woman Women Blue Dress,Blue
25349.jpg,0,Levis Men Red Brief,Red
11940.jpg,0,Ganuchi Men Casual Black Sandals,Black
55802.jpg,0,SDL by Sweet Dreams Women Green Printed Night Suit S11-3124,White
29584.jpg,0,Indigo Nation Men Printed Black T-shirt,Black
43967.jpg,0,DKNY Women Red Delicious Perfume,Red
28456.jpg,0,Urban Yoga Women Blue Skirt With Leggings,Blue
34009.jpg,0,Gini and Jony Girls Black Top,Black
19311.jpg,0,Nike Men Air Rift MTR White Casual Shoe,White
22950.jpg,0,Fastrack Unisex Black Dial Watch 9915PP13,Black
49461.jpg,0,Vans Men Blue Era Scilla Plaid Shoes,Blue
8746.jpg,0,Crocs Kids Navy Blue Clogs,Navy Blue
9694.jpg,0,Classic Polo Men Vulcan White Polo Tshirts,White
15984.jpg,0,Turtle Check Men Yellow Shirt,Yellow
41268.jpg,0,Arrow Men Black Wallet,Black
11518.jpg,0,Catwalk Women Gun Metal Grey Heels,Grey
14856.jpg,0,United Colors of Benetton Women Solid Beige Wallets,Beige
33648.jpg,0,Lotto Men Ridge Brown Sandals,Brown
59297.jpg,0,U.S. Polo Assn. Men White & Navy Blue Shirt,White
28032.jpg,0,Jockey ELANCE Men Bikini White Brief 1005,White
27846.jpg,0,Scullers For Her Charcoal Blazer,Charcoal
26994.jpg,0,Jealous 21 Women Black Jeans,Black
49839.jpg,0,iPanema Women Red Flip Flops,Red
31923.jpg,0,Fabindia Women Blue Silk Sling Bag,Blue
2618.jpg,0,Carlton London Women Silver Wedge Sandal,Silver
54588.jpg,0,Sushilas Women Printed Green Kurta,Green
49005.jpg,0,Lucera Women Silver Ring,Silver
8322.jpg,0,Doodle Boy's Route 66 Biker Blue Teen Kidswear,Blue
13841.jpg,0,ADIDAS Unisex Three Small Dials White Watches,White
28200.jpg,0,Ray-Ban Men Active Lifestyle Copper Sunglasses,Copper
7158.jpg,0,Scullers Men  Green Check Shirt,Green
18495.jpg,0,Puma Men Fashion Cat White Slipper,White
8110.jpg,0,Fastrack Men Economy 2 Analg Black Watch,Black
19547.jpg,0,United Colors of Benetton Men Solid Blue Sweatshirt,Blue
7964.jpg,0,Puma Men's Large Logo Graphic Black T-shirt,Black
36934.jpg,0,Giorgio Armani Women Idole Perfume,Gold
39140.jpg,0,Aneri Women Black & Maroon Salwar Suit,Black
20851.jpg,0,Spice Art Women Ribbon Embroidery Red Clutch,Red
41866.jpg,0,Estd. 1977 Men Beige & Green Sandals,Beige
58177.jpg,0,Rocky S Women Brown Handbag,Brown
44528.jpg,0,Coolers Men Black Sandals,Black
16392.jpg,0,Levis Men Check Red Shirts,Red
51455.jpg,0,Tonga Women Pink Printed Shrug,Pink
50587.jpg,0,Chromozome Men Grey Briefs,Grey
17240.jpg,0,U.S. Polo Assn. Men Stripes Black  Polo Tshirt,Black
47530.jpg,0,Portia Women Copper-Toned & Brown Sandals,Copper
6617.jpg,0,Spykar Men Black and white Check Shirt,Black
12732.jpg,0,Nike Unisex Swoosh Black Backpack,Black
3365.jpg,0,Myntra Men's Brain Black T-shirt,Black
23849.jpg,0,ADIDAS Men Black Anzo Breeze Casual Shoes,Black
43190.jpg,0,Fastrack Women White Dial Watch,White
48578.jpg,0,Revv Men Steel Bracelet,Steel
30462.jpg,0,Lovable Women All Day Long Black Bra,Black
18208.jpg,0,Manchester United Men Solid White Cap,White
54127.jpg,0,Rocia Women Black Heels,Black
10065.jpg,0,Puma Men ducati logo tee Yellow Tshirts,Yellow
24250.jpg,0,Numero Uno Men White Casual Shoes,White
32335.jpg,0,Q&Q Men Silver-Toned Dial Analogue Watch Q252J404Y,Silver
25382.jpg,0,Levis Men White Innerwear Vest,White
56670.jpg,0,Maxima Men Black Dial Watch,Black
5092.jpg,0,Wrangler Men's Minstrel Shoulder Loop Purple T-shirt,Purple
10859.jpg,0,Wrangler Men Furious Rides Navy Blue T-Shirts,Navy Blue
59638.jpg,0,FNF Green Wedding Collection Sari,Green
15517.jpg,0,Rockport Men LLandro Red Casual Shoes,Red
4140.jpg,0,Skechers Women Green Shoe,Green
36795.jpg,0,Maxima Men Ssteele Silver Dial Watch,Silver
40527.jpg,0,Titan Men Gold Dial Watch,Gold
10257.jpg,0,John Miller Men Solid Type Black Trousers,Black
24062.jpg,0,Locomotive Men Navy Blue Printed T-shirt,Navy Blue
45869.jpg,0,Maxima Men Brown Dial Watch,Brown
11385.jpg,0,United Colors Of Benetton Women Light Winter Black Sweatshirts,Black
53130.jpg,0,Catwalk Women Brown Sandals,Brown
44187.jpg,0,Nike Fragrances Women 5th Element Perfume 150 ml,White
21510.jpg,0,Kiara Women Graphiti White Handbag,White
51667.jpg,0,Louis Philippe Men Grey Sunglasses,Grey
22395.jpg,0,Mark Taylor Men Striped Blue Shirt,Blue
35322.jpg,0,Fabindia Women Anusuya Silver Earrings,Silver
6425.jpg,0,Lotto Unisex Canvas Black Check Shoe,Black
18806.jpg,0,Peter England Men Casual Tan Belt,Tan
23247.jpg,0,Arrow Men Formal Black Shoe,Black
17072.jpg,0,Lino Perros Women Weaved  Grey Belt,Grey
31782.jpg,0,Lee Women Paula Blue Top,Blue
42270.jpg,0,Vans Unisex Black & Grey Classic Shoes,Black
12500.jpg,0,United Colors of Benetton Men Short Black Shirts,Black
26735.jpg,0,Reebok Men Pack of 2 Pirates of the Caribbean Deos,Black
30650.jpg,0,Nike Men Printed Black T-shirt,Black
56026.jpg,0,Colorbar Soft Touch Mousse Lipstick 025,Brown
21948.jpg,0,Murcia Women Casual Brown Handbag,Brown
32563.jpg,0,ONLY Women directoire blue Trousers,Blue
58980.jpg,0,Colour me Women Flowers Deo,Pink
40143.jpg,0,Gini and Jony Girls Pretty Blossom Blue Top,Blue
10633.jpg,0,Carlton London Men Formal Brown Formal Shoes,Brown
24406.jpg,0,Vishudh Women Red Printed Kurta,Red
4716.jpg,0,ADIDAS Unisex Response ST Analogue Black Watch,Black
21174.jpg,0,s.Oliver Women Stripes Beige Top,Beige
15341.jpg,0,Nike Women Solid Pink Shorts,Pink
52486.jpg,0,Red Rose Maroon Camisole,Maroon
53554.jpg,0,Probase Multicoloured Printed Boxers,Multi
14293.jpg,0,Classic Polo Men Stripes Blue Tshirts,Blue
47366.jpg,0,Baggit Women Blue Bag,Blue
6041.jpg,0,UCB Men's Polo Neck With Lion Logo Navy Blue T-shirt,Navy Blue
23623.jpg,0,Doodle Kids Girls Pink I love Shopping Top,Pink
9835.jpg,0,Little Miss Women Printed Grey T-shirt,Grey
29319.jpg,0,ADIDAS Unisex Chicago Bulls Red Backpack,Red
7193.jpg,0,Jealous 21 Women Black Jegging,Black
27283.jpg,0,Mother Earth Women Magenta Kurta,Magenta
30234.jpg,0,Numero Uno Men Black Flip Flops,Black
9009.jpg,0,Murcia Women Snake Print Bag Brown Handbags,Brown
3533.jpg,0,Myntra Men's If You Don't Like Navy Blue T-shirt,Navy Blue
42614.jpg,0,Estelle Women Earrings & Pendant Set,Gold
12164.jpg,0,Aurelia Women Voile Orange Dupatta,Orange
26351.jpg,0,DKNY Women White Dial Watch NY8472,White
17624.jpg,0,ADIDAS Men Solid Navy Blue Track Pant,Navy Blue
47154.jpg,0,Gini and Jony Girls Black Capris,Black
35574.jpg,0,Gliders Men Esquire Red Flip Flops,Red
51031.jpg,0,Enamor White Bra,White
13284.jpg,0,Gini and Jony Kids Boys Solid Black Shorts,Black
55491.jpg,0,Revlon Gold Dust Poussiere Doree Colorburst Lip Gloss 024,Brown
26163.jpg,0,John Miller Men Dark Grey Trousers,Grey
3701.jpg,0,Tantra Women Flower Heart Black Long T-shirt,Black
29917.jpg,0,Police Men White Dial Watch PL12698JS,White
42426.jpg,0,Aurelia Women Sea Green Kurta,Sea Green
32751.jpg,0,FILA Men Liga II Black Shoes,Black
56214.jpg,0,Estelle Women Gold Earrings,Gold
10401.jpg,0,Jealous 21 Women Uaine Purple Tops,Purple
40371.jpg,0,Tokyo Talkies Women Navy Slim Fit Jeans,Navy Blue
21346.jpg,0,Pal Zileri Men Casual Gold Frame Sunglasses,Gold
45603.jpg,0,Arrow Men Black Formal Shoes,Black
37223.jpg,0,United Colors of Benetton Women Blue Top,Blue
53766.jpg,0,Puma Men White and Navy Blue T-shirt,White
25520.jpg,0,Doodle Kids Girls City Chic White Top,White
32597.jpg,0,ONLY Women Black Top,Black
58974.jpg,0,Colour me Men Gold Deo,Gold
33445.jpg,0,Baggit Women Lamboo Mayur Black Wallet,Black
57100.jpg,0,Elle Women Dark Pink Top,Pink
41859.jpg,0,Estd. 1977 Men Black Sandals,Black
21180.jpg,0,ADIDAS Men Adi Cells Black Flip Flops,Black
39943.jpg,0,GAS Men Brown Count Casual Shoes,Brown
52472.jpg,0,Red Rose Women White & Pink Polka Dot Print Bath Robe,Pink
58148.jpg,0,Puma Unisex White Cap,White
20052.jpg,0,United Colors Of Benetton Women Yellow Muffler,Yellow
5630.jpg,0,ADIDAS Women's Adi Groove Blue Flip Flop,Blue
44517.jpg,0,Coolers Men Brown Pokar Flip Flops,Brown
47392.jpg,0,Baggit Women Beige Bag,Beige
50325.jpg,0,Aurelia Women Navy Blue Kurta,Navy Blue
16530.jpg,0,Locomotive Men Check Red Shirt,Red
22705.jpg,0,Nike Men White Capri II Casual Shoe,White
7167.jpg,0,Scullers Men Scul Purple White Shirt,Purple
46240.jpg,0,Fusion Beats Women White Printed Tunic,White
27277.jpg,0,Mother Earth Women Blue Kurta,Green
13042.jpg,0,Inc 5 Women Brown Heels,Brown
6889.jpg,0,Forever New Women Stone Cream Jacket,Cream
31312.jpg,0,W Women Peach Kurta,Peach
12190.jpg,0,Basics Men Blue Slim Fit Checked Shirt,Blue
55657.jpg,0,Catwalk Women Golden Wedges,Gold
19578.jpg,0,United Colors of Benetton Women Solid Purple Top,Purple
27879.jpg,0,Scullers For Her Women Blue Top,Blue
34452.jpg,0,Rocia Women Copper Sandals,Copper
6287.jpg,0,Classic Polo Men's Swiss Yellow T-shirt,Yellow
7355.jpg,0,Tantra Men's Black Sabbath Navy T-shirt,Navy Blue
46072.jpg,0,Lino Perros Men Black Leather Belt,Black
22537.jpg,0,Gas Men Eldorado Tan Casual  Sandals,Tan
28831.jpg,0,Enamor Women Pack of 3 Mid-Rise Bikini Brief,Brown
43500.jpg,0,French Connection Men White T-shirt,White
2627.jpg,0,Carlton London Women Wedge Silver Sandal,Silver
27045.jpg,0,Yelloe Off White Fur Zip Clutch,Off White
13270.jpg,0,Palm Tree Kids Girls Printed White Tops,White
18698.jpg,0,Hanes Men Grey Ultimate Duo Dry Cotton Stretch Bikini Briefs,Grey
55465.jpg,0,Revlon Super Lusterous Lipstick 304,Red
26197.jpg,0,Formula 1 Go Men Perfume,Green
31120.jpg,0,Palm Tree Girls Pink Top,Pink
25712.jpg,0,ADIDAS Unisex Blue Cap,Blue
11527.jpg,0,United Colors of Benetton Men Olive Tshirts,Olive
14869.jpg,0,United Colors of Benetton Men Solid Black Wallets,Black
40385.jpg,0,Tokyo Talkies Women Yellow Top,Yellow
15187.jpg,0,Arrow Sport Men Solid White Polo Tshirts,White
44725.jpg,0,Lotto Women Coral Elegant Flip Flops,Orange
14055.jpg,0,Flying Machine Men Check Green Shirts,Green
20260.jpg,0,Wrangler Men Applique Navy Blue Tshirt,Navy Blue
7731.jpg,0,Puma Men's Winglet II Grey Yellow White Flip Flop,Grey
22153.jpg,0,Lee Cooper Men Brown Casual Sandals,Brown
43958.jpg,0,Puma Men Olive Techno Ind Sandal,Olive
28469.jpg,0,Urban Yoga Women Printed Pink T-shirt,Pink
50573.jpg,0,Chromozome Men Charcoal Trunk Trunks,Charcoal
34036.jpg,0,Palm Tree Boys Check Blue Shirt,Blue
55001.jpg,0,Lakme Absolute Lip Last Day Kiss Lip Colour,Pink
8779.jpg,0,Indigo Nation Men Club Satin Hot Stepper Navy Blue Shirt,Navy Blue
3391.jpg,0,Murcia Women White With Stitch Bag,White
43164.jpg,0,Fastrack Men Black Watch,Black
2243.jpg,0,ADIDAS Men Stripe Polo White Polo T-shirt,White
30496.jpg,0,Lovable Women Fiona Purple Bra,Purple
27421.jpg,0,Jockey Women Blue Lounge Pants,Blue
57756.jpg,0,Lotus Herbals Neem & Clove Purifying Face Wash,Green
33213.jpg,0,Sepia Women Printed Magenta Top,Magenta
39729.jpg,0,Arrow Woman Olive Top,Olive
25376.jpg,0,Levis Men Grey Innerwear T-Shirt,Grey
11143.jpg,0,Scullers Men Price Catch Black Shirts,Black
56684.jpg,0,Fabindia Beige & Maroon Mull Printed Saree,Beige
4988.jpg,0,Gini and Jony Girl's Vanya White Polka Dot Kidswear,White
44341.jpg,0,Indian Terrain Men Blue T-shirt,Blue
14431.jpg,0,Enroute Women Casual Black Flats,Black
20604.jpg,0,Baggit Women Umbrella Dum Brown Handbag,Brown
52224.jpg,0,Lencia Grey Swarovski Pearl Necklace,Silver
45293.jpg,0,CASIO SHEEN Women Red Dial Watch SX017,Red
36761.jpg,0,Maxima Men Black Watch,Black
33021.jpg,0,Mother Earth Women Printed Cream Kurta,Cream
25144.jpg,0,Lino Perros Women Leatherite Orange Handbag,Orange
11371.jpg,0,United Colors Of Benetton Men Summer Black Shirts,Black
41401.jpg,0,Wrangler Women White Smocked Top,White
